,Name,Perc_ of balls faced,Perc_ of balls delivered,is Wicket keeper
0,Williams,5,94,0
1,Anshul Kamboj,6,93,0
2,Hooda,91,8,0
3,Rashid Khan,12,87,0
4,Saurav Chauhan,100,0,0
5,Starc,4,95,0
6,J Suchith,6,93,0
7,Kusal Mendis,100,0,0
8,Sai Kishore,3,96,0
9,Milne,0,100,0
10,Shepherd,29,70,0
11,Swapnil Singh,19,80,0
12,Nehal Wadhera,96,3,0
13,Bartlett,20,80,0
14,Litton Das,100,0,0
15,Shaik Rasheed,100,0,0
16,Wade,100,0,1
17,Akash Deep,4,95,0
18,Jansen,0,100,0
19,Nandre Burger,0,100,0
20,Kartikeya,5,94,0
21,Fraser-McGurk,100,0,0
22,Kuldeep Yadav,12,87,0
23,Ravindra,95,4,0
24,Ashwin,19,80,0
25,Arshad Khan,24,75,0
26,M Bracewell,41,58,0
27,Sediqullah Atal,100,0,0
28,Noor Ahmad,4,95,0
29,Boult,4,95,0
30,Robin Minz,100,0,0
31,Chetan Sakariya,0,100,0
32,Tye,0,100,0
33,du Plessis,100,0,0
34,Sumit Kumar,54,45,0
35,Vivrant Sharma,72,27,0
36,Rajapaksa,100,0,0
37,Mayers,85,14,0
38,Shai Hope,100,0,0
39,Jayant Yadav,0,100,0
40,Riyan Parag,83,16,0
41,Shivam Singh,100,0,0
42,Adil Rashid,27,72,0
43,Matt Henry,0,100,0
44,Pooran,100,0,1
45,Gowtham,16,83,0
46,Naman Dhir,80,19,0
47,Dhoni,100,0,1
48,Ripal Patel,100,0,0
49,Ferreira,100,0,0
50,Ramandeep Singh,77,22,0
51,S Kaul,0,100,0
52,Narine,28,71,0
53,Ishan Kishan,99,0,1
54,Dwayne Bravo,10,89,0
55,Raj Bawa,100,0,0
56,Harsh Dubey,0,100,0
57,Harshit Rana,7,92,0
58,Rossouw,100,0,0
59,Jackson,100,0,1
60,Sandeep,0,100,0
61,Varun Chakaravarthy,0,99,0
62,Ishant,1,98,0
63,Nitish Reddy,72,27,0
64,Shivam Dube,96,3,0
65,Ashutosh Sharma,100,0,0
66,Mayank,100,0,0
67,Hrithik Shokeen,24,75,0
68,Dhruv Jurel,100,0,0
69,Neesham,60,40,0
70,Arjun Tendulkar,10,89,0
71,Sandeep Sharma,1,98,0
72,Hasaranga,10,89,0
73,Jofra Archer,12,87,0
74,Kedar Jadhav,100,0,0
75,K Nagarkoti,0,100,0
76,Anmolpreet Singh,100,0,0
77,Musheer Khan,20,80,0
78,Khaleel Ahmed,0,99,0
79,Mitchell Marsh,74,25,0
80,Spencer Johnson,6,93,0
81,Kohli,100,0,0
82,Akash Madhwal,4,95,0
83,Stokes,70,30,0
84,Meredith,1,98,0
85,Chawla,6,93,0
86,Fazalhaq Farooqi,5,94,0
87,Pant,100,0,1
88,Sanvir Singh,100,0,0
89,Kaverappa,0,100,0
90,Ayush Mhatre,100,0,0
91,Himanshu Sharma,0,100,0
92,Daniel Sams,12,87,0
93,Manish Pandey,100,0,0
94,Buttler,100,0,1
95,Tymal Mills,2,97,0
96,Rabada,8,91,0
97,Anukul Roy,14,85,0
98,Karun Nair,100,0,0
99,Jordan,6,93,0
100,Gulbadin,71,28,0
101,Vipraj Nigam,25,74,0
102,Philip Salt,100,0,0
103,Krunal Pandya,34,65,0
104,Tilak Varma,97,2,0
105,Eshan Malinga,0,100,0
106,V Viyaskanth,7,92,0
107,Prerak Mankad,100,0,0
108,Glenn Phillips,55,45,0
109,Basil Thampi,0,100,0
110,Zeeshan Ansari,0,100,0
111,Sai Sudharsan,100,0,0
112,Madhav Tiwari,40,60,0
113,de Kock,100,0,1
114,Urvil Patel,100,0,0
115,Sakariya,8,91,0
116,Lomror,88,11,0
117,Uthappa,100,0,0
118,Mayank Agarawal,100,0,0
119,Akeal Hosein,29,70,0
120,Shamar Joseph,0,100,0
121,Kartik Tyagi,5,94,0
122,Sangwan,8,91,0
123,Marco Jansen,15,84,0
124,Bhui,100,0,0
125,Maxwell,56,43,0
126,Shankar,97,2,0
127,Simarjeet Singh,5,94,0
128,Navdeep Saini,2,97,0
129,Vignesh Puthur,0,100,0
130,Akash Maharaj Singh,0,100,0
131,Kuldip Yadav,0,100,0
132,Ravi Bishnoi,3,96,0
133,Mohit Sharma,2,97,0
134,Livingstone,63,36,0
135,Stoinis,71,28,0
136,Shami,1,98,0
137,Aman Hakim Khan,94,5,0
138,Azmatullah,20,79,0
139,Samson,100,0,1
140,Sharath BR,100,0,0
141,Jamieson,5,94,0
142,Nortje,7,92,0
143,Rohit,100,0,0
144,Mark Wood,4,95,0
145,Arshdeep Singh,3,96,0
146,J Richardson,7,92,0
147,Warrier,0,100,0
148,Atharva Taide,99,0,0
149,Akash Singh,0,100,0
150,Rasikh Salam,14,85,0
151,M Theekshana,3,96,0
152,Turner,100,0,0
153,Gaikwad,100,0,0
154,RS Hangargekar,0,100,0
155,N Jagadeesan,100,0,0
156,Rahul Chahar,10,89,0
157,Vaibhav Suryavanshi,100,0,0
158,Rahul Tewatia,88,11,0
159,Darshan Nalkande,12,87,0
160,Yash Dhull,100,0,0
161,Yudhvir Singh,10,89,0
162,Vishnu Vinod,100,0,0
163,Magala,0,100,0
164,Gurnoor Brar,0,100,0
165,Harry Brook,100,0,0
166,Mukesh Choudhary,1,98,0
167,Wiese,37,62,0
168,Green,50,49,0
169,Shivam Mavi,5,94,0
170,Shahbaz Ahmed,45,54,0
171,Fabian Allen,22,77,0
172,Mustafizur,1,98,0
173,Murugan Ashwin,6,93,0
174,Prabhudessai,100,0,0
175,Wood,7,92,0
176,Karn Sharma,5,94,0
177,Ferguson,1,98,0
178,Priyansh Arya,100,0,0
179,Mohsin Khan,3,96,0
180,Rutherford,100,0,0
181,Kumar Kartikeya,6,93,0
182,Rickelton,100,0,1
183,Digvesh Rathi,0,99,0
184,Kwena Maphaka,2,97,0
185,Maharaj,5,94,0
186,Shashank Singh,94,5,0
187,Sanjay Yadav,14,85,0
188,Nabi,29,70,0
189,Prithvi Shaw,100,0,0
190,Rishi Dhawan,23,76,0
191,Naveen-ul-Haq,5,94,0
192,Kushagra,100,0,0
193,Breetzke,100,0,0
194,Pretorius,15,84,0
195,Anuj Rawat,100,0,0
196,KM Asif,2,97,0
197,Santner,14,85,0
198,Unadkat,12,87,0
199,Gerald Coetzee,10,89,0
200,Obed McCoy,3,96,0
201,Mayank Dagar,0,99,0
202,Washington Sundar,36,63,0
203,Root,55,44,0
204,Dhawan,100,0,0
205,Raza,61,38,0
206,Mohit Rathee,14,85,0
207,Odean Smith,32,67,0
208,Angkrish Raghuvanshi,100,0,0
209,Willey,28,71,0
210,Brevis,99,1,0
211,T Natarajan,0,100,0
212,Jitesh Sharma,100,0,1
213,Indrajith,100,0,0
214,Khejroliya,0,100,0
215,Ayush Badoni,95,4,0
216,Pathirana,0,100,0
217,Karan Sharma,100,0,0
218,Priyam Garg,100,0,0
219,Holder,11,88,0
220,Hardik Pandya,54,45,0
221,Arshin Kulkarni,100,0,0
222,Suyash Sharma,0,100,0
223,Matheesha Pathirana,0,100,0
224,Bhuvneshwar,9,90,0
225,Rayudu,100,0,0
226,Short,79,20,0
227,Bairstow,100,0,0
228,Raghav Goyal,0,100,0
229,Karthik,100,0,1
230,Rinku Singh,100,0,0
231,Karim Janat,0,100,0
232,Tushar Deshpande,1,98,0
233,Abdul Samad,97,2,0
234,Shahrukh Khan,95,4,0
235,Livingstone 1 run,100,0,0
236,Shubman Gill,100,0,0
237,Will Jacks,68,31,0
238,Thakur,18,81,0
239,W Saha,100,0,1
240,Seifert,100,0,0
241,Shanaka,100,0,0
242,Klaasen,100,0,1
243,Abhinav Manohar,100,0,0
244,Gurbaz,100,0,0
245,Roy,100,0,0
246,Chakaravarthy,3,96,0
247,Harpreet Singh,100,0,0
248,Mishra,19,80,0
249,Shubham Dubey,100,0,0
250,Chahal,0,99,0
251,Coulter-Nile,10,90,0
252,Conway,100,0,0
253,Miller,100,0,0
254,Saha,100,0,1
255,Chameera,9,90,0
256,Ngidi,4,96,0
257,Hetmyer,100,0,0
258,Ashwani Kumar,0,100,0
259,Head,98,1,0
260,Nitish Rana,90,9,0
261,Kamindu Mendis,62,37,0
262,William ORourke,0,100,0
263,Vaibhav Arora,3,96,0
264,Rahul,100,0,1
265,Lalit Yadav,51,48,0
266,Theekshana,3,96,0
267,N Thushara,0,100,0
268,van der Dussen,100,0,0
269,Umran Malik,3,96,0
270,Lewis,100,0,0
271,Hazlewood,4,95,0
272,Shams Mulani,3,96,0
273,Avesh Khan,2,97,0
274,Mulder,64,35,0
275,Corbin Bosch,43,56,0
276,Warner,100,0,0
277,Kuldeep Sen,1,98,0
278,Finch,100,0,0
279,Rahane,100,0,0
280,Yash Thakur,0,100,0
281,Vohra,100,0,0
282,Abhishek Sharma,82,17,0
283,Josh Inglis,100,0,1
284,Powell,93,6,0
285,Behrendorff,3,96,0
286,Alzarri Joseph,4,95,0
287,Mitchell Owen,100,0,0
288,Shreyas Iyer,99,0,0
289,Russell,51,48,0
290,Mitchell,86,13,0
291,Harpreet Brar,18,81,0
292,Praveen Dubey,40,60,0
293,Jacob Bethell,100,0,0
294,Jaiswal,99,0,0
295,Abbott,17,82,0
296,Prabhsimran,100,0,1
297,Abdul Basith,100,0,0
298,Sam Curran,46,53,0
299,Mayank Yadav,0,100,0
300,Sarfaraz Khan,100,0,0
301,Axar,40,59,0
302,Suryansh Shedge,37,62,0
303,Stubbs,94,5,1
304,Umesh Yadav,12,87,0
305,Satyanarayana Raju,4,96,0
306,Phil Salt,100,0,0
307,Prince Yadav,6,93,0
308,Chahar,4,95,0
309,Pollard,61,38,0
310,Jamie Overton,16,83,0
311,Abhijeet Tomar,100,0,0
312,Prasidh,1,98,0
313,Aaron,0,100,0
314,Jadeja,37,62,0
315,Mitchell Starc,4,95,0
316,M Siddharth,0,100,0
317,Padikkal,100,0,0
318,Kohler-Cadmore,100,0,0
319,Manav Suthar,14,85,0
320,Markram,85,14,0
321,Mandeep,100,0,0
322,Williamson,100,0,0
323,Venkatesh Iyer,96,3,0
324,Bumrah,2,97,0
325,Aniket Verma,100,0,0
326,Harshal Patel,7,92,0
327,Mujeeb,0,100,0
328,Rajat Patidar,100,0,0
329,Suryakumar Yadav,100,0,0
330,Cummins,18,81,0
331,KS Rathore,100,0,0
332,Solanki,0,100,0
333,Siraj,3,96,0
334,Yash Dayal,1,98,0
335,Topley,4,95,0
336,Tripathi,100,0,0
337,Richard Gleeson,2,97,0
338,Parnell,3,96,0
339,Vijaykumar Vyshak,3,96,0
340,Daryl Mitchell,78,21,0
341,Tristan Stubbs,90,9,0
342,Nathan Ellis,3,96,0
343,Bhandage,100,0,0
344,Joshua Little,0,100,0
345,Zampa,8,91,0
346,Shreyas Gopal,10,89,0
347,Sameer Rizvi,100,0,0
348,Parag,100,0,0
349,Southee,4,95,0
350,Markande,3,96,0
351,Abishek Porel,100,0,0
352,Srikar Bharat,100,0,0
353,Tanush Kotian,100,0,0
354,Moeen Ali,46,53,0
355,Tim David,100,0,0
356,Billings,100,0,1
357,Mukesh Kumar,2,97,0
